Link Name,Center of Mass X,Center of Mass Y,Center of Mass Z,Center of Mass Roll,Center of Mass Pitch,Center of Mass Yaw,Mass,Moment Ixx,Moment Ixy,Moment Ixz,Moment Iyy,Moment Iyz,Moment Izz,Visual X,Visual Y,Visual Z,Visual Roll,Visual Pitch,Visual Yaw,Mesh Filename,Color Red,Color Green,Color Blue,Color Alpha,Collision X,Collision Y,Collision Z,Collision Roll,Collision Pitch,Collision Yaw,Collision Mesh Filename,Material Name,SW Components,Coordinate System,Axis Name,Joint Name,Joint Type,Joint Origin X,Joint Origin Y,Joint Origin Z,Joint Origin Roll,Joint Origin Pitch,Joint Origin Yaw,Parent,Joint Axis X,Joint Axis Y,Joint Axis Z,Limit Effort,Limit Velocity,Limit Lower,Limit Upper,Calibration rising,Calibration falling,Dynamics Damping,Dynamics Friction,Safety Soft Upper,Safety Soft Lower,Safety K Position,Safety K Velocity
Pelvis,-0.0383232085255035,0.0156994454384802,0.0444907190869821,0,0,0,0.486744617710018,0.00301983045444067,9.88942142864072E-10,9.46361544989296E-11,0.000499963119365086,2.53571007485522E-09,0.0025523166762879,0,0,0,0,0,0,package://Overall_01d.SLDASM/meshes/Pelvis.STL,0.792156862745098,0.819607843137255,0.933333333333333,1,0,0,0,0,0,0,package://Overall_01d.SLDASM/meshes/Pelvis.STL,,Pelvis_01-1,Origin_global,,,,0,0,0,0,0,0,,0,0,0,,,,,,,,,,,,
R_Hip_Yaw_Pitch,-0.012319,-0.015248,3.361E-18,0,0,0,0.029498,1.1616E-05,2.9524E-06,1.7383E-21,1.1616E-05,-1.1717E-21,1.3044E-05,0,0,0,0,0,0,package://Overall_01d.SLDASM/meshes/R_Hip_Yaw_Pitch.STL,0.79216,0.81961,0.93333,1,0,0,0,0,0,0,package://Overall_01d.SLDASM/meshes/R_Hip_Yaw_Pitch.STL,,Hip_Pitch_Yaw_01-1,Origin_R_Hip_Yaw,Axis_R_Hip_Yaw,R_Hip_Yaw,continuous,0,0.00097618,-0.0723,-1.5708,0,0,Pelvis,1,0,0,,,,,,,,,,,,
R_Femur_Hip,0.00327427948144408,-0.0376483010788273,0.0029296610596128,0,0,0,0.0644320112152268,7.54196424696784E-05,-7.94099746869567E-06,1.81628395169165E-12,8.73716559261642E-06,1.11142959936989E-12,7.91235338555812E-05,0,0,0,0,0,0,package://Overall_01d.SLDASM/meshes/R_Femur_Hip.STL,0.792156862745098,0.819607843137255,0.933333333333333,1,0,0,0,0,0,0,package://Overall_01d.SLDASM/meshes/R_Femur_Hip.STL,,Femur_Hip_01-1,Origin_R_Hip_Pitch,Axis_R_Hip_Pitch,R_Hip_Pitch,continuous,0,0,0,-1.5708,0,-1.5708,R_Hip_Yaw_Pitch,1,0,0,,,,,,,,,,,,
R_Femur_Knee,-0.00368226923684792,-0.131696820527185,7.18966895632382E-08,0,0,0,0.0870274780837501,0.000441800005346957,-2.67095349809487E-05,-1.14418403089353E-10,1.03151462835052E-05,-9.09145069800858E-11,0.000445504492172577,0,0,0,0,0,0,package://Overall_01d.SLDASM/meshes/R_Femur_Knee.STL,0.792156862745098,0.819607843137255,0.933333333333333,1,0,0,0,0,0,0,package://Overall_01d.SLDASM/meshes/R_Femur_Knee.STL,,Femur_Knee_01-1,Origin_R_Hip_Rotation,Axis_R_Hip_Rotation,R_Hip_Rotation,continuous,0,-0.1,0.0029296,0,0,0,R_Femur_Hip,0,1,0,,,,,,,,,,,,
R_Tibia,-0.00276796143245971,0.126842717527121,-1.0444975309578E-07,0,0,0,0.115777485152527,0.0011229832253266,-4.06668223501751E-05,3.81765703387125E-11,1.25256155398633E-05,6.22060096964742E-10,0.00112743564429466,0,0,0,0,0,0,package://Overall_01d.SLDASM/meshes/R_Tibia.STL,0.792156862745098,0.819607843137255,0.933333333333333,1,0,0,0,0,0,0,package://Overall_01d.SLDASM/meshes/R_Tibia.STL,,Tibia_01-1,Origin_R_Knee,Axis_R_Knee,R_Knee,continuous,0,-0.215,0,-3.136,0,0,R_Femur_Knee,1,0,0,,,,,,,,,,,,
R_Ankle,0.00632111122670494,0.0234094152414059,-3.65183410039327E-08,0,0,0,0.0482921492898778,1.85266795018773E-05,-4.04005824410735E-06,9.8674242181467E-13,9.63311113159714E-06,-6.44926911745516E-13,2.33546146047646E-05,0,0,0,0,0,0,package://Overall_01d.SLDASM/meshes/R_Ankle.STL,0.792156862745098,0.819607843137255,0.933333333333333,1,0,0,0,0,0,0,package://Overall_01d.SLDASM/meshes/R_Ankle.STL,,Ankle_01a-1,Origin_R_Ankle_Pitch,Axis_R_Ankle_Pitch,R_Ankle_Pitch,continuous,0,0.285,0,-1.5708,1.5652,-1.5708,R_Tibia,0,0,1,,,,,,,,,,,,
R_Foot,0.000924105659221561,0.037224997353926,0.0211006123186882,0,0,0,0.171954594912228,0.000582263982374314,-2.98808064736177E-05,-3.8121468793308E-07,6.06265099069653E-05,-1.71733440289801E-05,0.000622232443881992,0,0,0,0,0,0,package://Overall_01d.SLDASM/meshes/R_Foot.STL,0.792156862745098,0.819607843137255,0.933333333333333,1,0,0,0,0,0,0,package://Overall_01d.SLDASM/meshes/R_Foot.STL,,Foot_01a-1,Origin_R_Ankle_Tilt,Axis_R_Ankle_Tilt,R_Ankle_Tilt,continuous,0.021651,0.0375,0,1.5708,-1.5708,0,R_Ankle,0,0.86603,-0.5,,,,,,,,,,,,
L_Hip_Yaw_Pitch,-0.015248227941601,-0.0123186639643822,-5.85469173142172E-18,0,0,0,0.0294977001970399,1.16155393851838E-05,2.95244751303855E-06,3.17769903848057E-22,1.16155393851838E-05,5.8946573140208E-22,1.30438031037178E-05,0,0,0,0,0,0,package://Overall_01d.SLDASM/meshes/L_Hip_Yaw_Pitch.STL,0.792156862745098,0.819607843137255,0.933333333333333,1,0,0,0,0,0,0,package://Overall_01d.SLDASM/meshes/L_Hip_Yaw_Pitch.STL,,Hip_Pitch_Yaw_01-2,Origin_L_Hip_Yaw,Axis_L_Hip_Yaw,L_Hip_Yaw,continuous,0,0.00097618,0.1037,1.5708,-1.5708,0,Pelvis,0,1,0,,,,,,,,,,,,
L_Femur_Hip,0.00327427948144413,-0.0376483010788273,-0.00292946689482426,0,0,0,0.0644320112152268,7.54196424696784E-05,-7.94099746869568E-06,1.81628395140419E-12,8.73716559261641E-06,1.11142959782687E-12,7.91235338555811E-05,0,0,0,0,0,0,package://Overall_01d.SLDASM/meshes/L_Femur_Hip.STL,0.792156862745098,0.819607843137255,0.933333333333333,1,0,0,0,0,0,0,package://Overall_01d.SLDASM/meshes/L_Femur_Hip.STL,,Femur_Hip_01-2,Origin_L_Hip_Pitch,Axis_L_Hip_Pitch,L_Hip_Pitch,continuous,0,0,0,-1.5708,0,-3.1416,L_Hip_Yaw_Pitch,1,0,0,,,,,,,,,,,,
L_Femur_Knee,-0.00368226923684795,-0.131696820527185,7.18966895493604E-08,0,0,0,0.0870274780837497,0.000441800005346956,-2.67095349809488E-05,-1.14418403088318E-10,1.03151462835052E-05,-9.09145070088807E-11,0.000445504492172576,0,0,0,0,0,0,package://Overall_01d.SLDASM/meshes/L_Femur_Knee.STL,0.792156862745098,0.819607843137255,0.933333333333333,1,0,0,0,0,0,0,package://Overall_01d.SLDASM/meshes/L_Femur_Knee.STL,,Femur_Knee_01-2,Origin_L_Hip_Rotation,Axis_L_Hip_Rotation,L_Hip_Rotation,continuous,0,-0.1,-0.0029296,0,0,0,L_Femur_Hip,0,1,0,,,,,,,,,,,,
L_Tibia,-0.00276796652002081,0.126842706149222,3.52879177831569E-08,0,0,0,0.115777447676773,0.00112298294263359,-4.06668154847363E-05,-1.5128499342272E-11,1.25256069080909E-05,4.110532135065E-10,0.00112743535266654,0,0,0,0,0,0,package://Overall_01d.SLDASM/meshes/L_Tibia.STL,0.792156862745098,0.819607843137255,0.933333333333333,1,0,0,0,0,0,0,package://Overall_01d.SLDASM/meshes/L_Tibia.STL,,Tibia_01-2,Origin_L_Knee,Axis_L_Knee,L_Knee,continuous,0,-0.215,0,3.1416,0,0,L_Femur_Knee,1,0,0,,,,,,,,,,,,
L_Ankle,0.00632111122670507,0.0234094152414059,-3.65183409484215E-08,0,0,0,0.0482921492898775,1.85266795018771E-05,-4.04005824410738E-06,9.86742414380073E-13,9.63311113159711E-06,-6.4492692898199E-13,2.33546146047644E-05,0,0,0,0,0,0,package://Overall_01d.SLDASM/meshes/L_Ankle.STL,0.792156862745098,0.819607843137255,0.933333333333333,1,0,0,0,0,0,0,package://Overall_01d.SLDASM/meshes/L_Ankle.STL,,Ankle_01a-2,Origin_L_Ankle_Pitch,Axis_L_Ankle_Pitch,L_Ankle_Pitch,continuous,0,0.285,0,3.1416,-1.5708,0,L_Tibia,0,0,1,,,,,,,,,,,,
L_Foot,-0.000924278705652676,0.0372239764781015,0.0211006417010617,0,0,0,0.171953416979734,0.00058224824658646,2.98819698879297E-05,3.81211073886813E-07,6.06271070245965E-05,-1.71735834793017E-05,0.000622217381123866,0,0,0,0,0,0,package://Overall_01d.SLDASM/meshes/L_Foot.STL,0.792156862745098,0.819607843137255,0.933333333333333,1,0,0,0,0,0,0,package://Overall_01d.SLDASM/meshes/L_Foot.STL,,Foot_01a-2,Origin_L_Ankle_Tilt,Axis_L_Ankle_Tilt,L_Ankle_Tilt,continuous,0.021651,0.0375,0,1.5708,-1.5708,0,L_Ankle,0,0.86603,-0.5,,,,,,,,,,,,
